{"mean_return": 4.125, "survival_rate": 0.4375, "completion": 0.12890625, "deaths_fire": 6.75, "deaths_collapse": 0.0, "mean_smoke_exposure": 0.004507060162723064, "n_episodes": 64}
