{"mean_return": 6.859375, "survival_rate": 0.9947916865348816, "completion": 0.21435546875, "deaths_fire": 0.0625, "deaths_collapse": 0.0, "mean_smoke_exposure": 2.3859005523263477e-05, "n_episodes": 64}
