{"mean_return": 6.578125, "survival_rate": 0.9401041865348816, "completion": 0.20556640625, "deaths_fire": 0.71875, "deaths_collapse": 0.0, "mean_smoke_exposure": 0.00031482268241234124, "n_episodes": 64}
