{
  "lambdas": [
    1e-05,
    3e-05,
    6e-05,
    0.0001,
    0.00015
  ],
  "e_n_seeds": [
    0.7158203125,
    2.16015625,
    4.293701171875,
    7.003173828125,
    10.28271484375
  ],
  "e_b_t": [
    36.33935546875,
    105.6201171875,
    204.324462890625,
    324.023193359375,
    459.7275390625
  ],
  "se_b_t": [
    1.2124863667040784,
    1.9888379065679758,
    2.658306467807634,
    3.137544447715404,
    3.529257929268551
  ],
  "e_n_collapses": [
    4.156982421875,
    12.588134765625,
    24.945068359375,
    41.30615234375,
    61.68115234375
  ],
  "overlap_seed_fraction": [
    0.08287858117326058,
    0.0948236889692586,
    0.10922840734633536,
    0.1213874847481262,
    0.1342181490099245
  ],
  "slope_through_origin": 45.56179268132598,
  "r2_through_origin": 0.997892431874916,
  "slope_free_intercept": 44.247425609287326,
  "intercept_free": 9.587762535043609,
  "grid_size": 64,
  "n_seeds_mc": 4096,
  "beta": 0.43,
  "kappa_A": 0.02,
  "r_seed": 1,
  "f_weak": 0.4,
  "horizon": 256,
  "chi_hat_ref": 66.37724550898204,
  "slope_over_chi_hat": 0.6864067999802831,
  "jax_version": "0.11.0",
  "backend": "gpu",
  "device": "cuda:0",
  "git_commit": "d20864501ab10ce908bad2267d7e2b554a98e3d4",
  "seed": 0,
  "wall_seconds": 2.229473004117608,
  "timestamp_utc": "2026-07-21T13:58:06Z"
}
