{
 "config": "che/configs/severity_high.yaml",
 "config_hash": "7825e4a06a6deb21",
 "ckpt_dir": "che/bench/results/phase3/m35/ckpt_high_kaL_dp0.5_s0",
 "ckpt_step": 500,
 "n_episodes": 512,
 "seed": 0,
 "greedy": false,
 "obs_version": 2,
 "metrics": {
  "episode_return": {
   "mean": 24.1298828125,
   "std": 3.504152774810791,
   "q25": 22.0,
   "median": 24.5,
   "q75": 26.5,
   "min": 13.0,
   "max": 31.5
  },
  "completion": {
   "mean": 0.78839111328125,
   "std": 0.10123102366924286,
   "q25": 0.71875,
   "median": 0.78125,
   "q75": 0.875,
   "min": 0.46875,
   "max": 1.0
  },
  "survival_rate": {
   "mean": 0.81689453125,
   "std": 0.11962947249412537,
   "q25": 0.75,
   "median": 0.8333333730697632,
   "q75": 0.9166666865348816,
   "min": 0.4166666865348816,
   "max": 1.0
  },
  "deaths_fire": {
   "mean": 2.052734375,
   "std": 1.4290637969970703,
   "q25": 1.0,
   "median": 2.0,
   "q75": 3.0,
   "min": 0.0,
   "max": 7.0
  },
  "deaths_collapse": {
   "mean": 0.14453125,
   "std": 0.3682738244533539,
   "q25": 0.0,
   "median": 0.0,
   "q75": 0.0,
   "min": 0.0,
   "max": 2.0
  },
  "mean_smoke_exposure": {
   "mean": 0.0065398127771914005,
   "std": 0.0020068965386599302,
   "q25": 0.005052569322288036,
   "median": 0.006196469068527222,
   "q75": 0.007733718492090702,
   "min": 0.0009407858597114682,
   "max": 0.017427347600460052
  },
  "coupling_co_active": {
   "mean": 0.142578125,
   "std": 0.43024545907974243,
   "q25": 0.0,
   "median": 0.0,
   "q75": 0.0,
   "min": 0.0,
   "max": 3.0
  },
  "collapse_events": {
   "mean": 7.828125,
   "std": 2.7600996494293213,
   "q25": 6.0,
   "median": 8.0,
   "q75": 10.0,
   "min": 1.0,
   "max": 17.0
  },
  "seeded_ignitions": {
   "mean": 0.828125,
   "std": 1.0771374702453613,
   "q25": 0.0,
   "median": 0.0,
   "q75": 1.0,
   "min": 0.0,
   "max": 5.0
  },
  "blocked_moves": {
   "mean": 3.46484375,
   "std": 17.588768005371094,
   "q25": 0.0,
   "median": 1.0,
   "q75": 3.0,
   "min": 0.0,
   "max": 268.0
  },
  "weak_occupancy": {
   "mean": 0.1504080891609192,
   "std": 0.028294572606682777,
   "q25": 0.13066703081130981,
   "median": 0.14734848588705063,
   "q75": 0.16896602883934975,
   "min": 0.07562356442213058,
   "max": 0.27284562587738037
  }
 }
}
