{
 "config": "che/configs/severity_medium.yaml",
 "config_hash": "f03533f4fcab80f4",
 "ckpt_dir": "che/bench/results/phase3/m35/ckpt_medium_kaL_dp0.5_s1",
 "ckpt_step": 500,
 "n_episodes": 512,
 "seed": 0,
 "greedy": false,
 "obs_version": 2,
 "metrics": {
  "episode_return": {
   "mean": 24.2607421875,
   "std": 3.4395651817321777,
   "q25": 22.0,
   "median": 24.5,
   "q75": 27.0,
   "min": 10.0,
   "max": 32.0
  },
  "completion": {
   "mean": 0.77178955078125,
   "std": 0.1053369864821434,
   "q25": 0.71875,
   "median": 0.78125,
   "q75": 0.84375,
   "min": 0.34375,
   "max": 1.0
  },
  "survival_rate": {
   "mean": 0.92724609375,
   "std": 0.08776134252548218,
   "q25": 0.9166666865348816,
   "median": 0.9166666865348816,
   "q75": 1.0,
   "min": 0.5833333730697632,
   "max": 1.0
  },
  "deaths_fire": {
   "mean": 0.59375,
   "std": 0.8819787502288818,
   "q25": 0.0,
   "median": 0.0,
   "q75": 1.0,
   "min": 0.0,
   "max": 5.0
  },
  "deaths_collapse": {
   "mean": 0.279296875,
   "std": 0.5437071919441223,
   "q25": 0.0,
   "median": 0.0,
   "q75": 0.0,
   "min": 0.0,
   "max": 3.0
  },
  "mean_smoke_exposure": {
   "mean": 0.00031135373865254223,
   "std": 0.00038235425017774105,
   "q25": 1.4136682693788316e-05,
   "median": 0.00015749302110634744,
   "q75": 0.00045719854097114876,
   "min": 0.0,
   "max": 0.002023640088737011
  },
  "coupling_co_active": {
   "mean": 0.6953125,
   "std": 1.013093113899231,
   "q25": 0.0,
   "median": 0.0,
   "q75": 1.0,
   "min": 0.0,
   "max": 6.0
  },
  "collapse_events": {
   "mean": 7.966796875,
   "std": 2.8133156299591064,
   "q25": 6.0,
   "median": 8.0,
   "q75": 10.0,
   "min": 1.0,
   "max": 18.0
  },
  "seeded_ignitions": {
   "mean": 3.427734375,
   "std": 2.04227614402771,
   "q25": 2.0,
   "median": 3.0,
   "q75": 5.0,
   "min": 0.0,
   "max": 12.0
  },
  "blocked_moves": {
   "mean": 4.326171875,
   "std": 15.396297454833984,
   "q25": 0.0,
   "median": 1.0,
   "q75": 4.0,
   "min": 0.0,
   "max": 193.0
  },
  "weak_occupancy": {
   "mean": 0.20571476221084595,
   "std": 0.04199043661355972,
   "q25": 0.1778157576918602,
   "median": 0.20143230259418488,
   "q75": 0.2318522185087204,
   "min": 0.0989583432674408,
   "max": 0.3570963740348816
  }
 }
}
