{
 "config": "che/configs/severity_high.yaml",
 "config_hash": "7825e4a06a6deb21",
 "ckpt_dir": "che/bench/results/phase3/m35/ckpt_high_kaL_dp0.5_s1",
 "ckpt_step": 500,
 "n_episodes": 512,
 "seed": 0,
 "greedy": false,
 "obs_version": 2,
 "metrics": {
  "episode_return": {
   "mean": 25.8564453125,
   "std": 3.0289533138275146,
   "q25": 24.0,
   "median": 26.0,
   "q75": 28.0,
   "min": 14.0,
   "max": 32.0
  },
  "completion": {
   "mean": 0.82220458984375,
   "std": 0.092442587018013,
   "q25": 0.78125,
   "median": 0.84375,
   "q75": 0.8828125,
   "min": 0.4375,
   "max": 1.0
  },
  "survival_rate": {
   "mean": 0.9243164658546448,
   "std": 0.0787801668047905,
   "q25": 0.9166666865348816,
   "median": 0.9166666865348816,
   "q75": 1.0,
   "min": 0.5,
   "max": 1.0
  },
  "deaths_fire": {
   "mean": 0.712890625,
   "std": 0.8261799216270447,
   "q25": 0.0,
   "median": 1.0,
   "q75": 1.0,
   "min": 0.0,
   "max": 5.0
  },
  "deaths_collapse": {
   "mean": 0.1953125,
   "std": 0.4344930946826935,
   "q25": 0.0,
   "median": 0.0,
   "q75": 0.0,
   "min": 0.0,
   "max": 2.0
  },
  "mean_smoke_exposure": {
   "mean": 0.008902471512556076,
   "std": 0.002888905117288232,
   "q25": 0.006756174378097057,
   "median": 0.008562902919948101,
   "q75": 0.010595500469207764,
   "min": 0.0,
   "max": 0.022204536944627762
  },
  "coupling_co_active": {
   "mean": 0.142578125,
   "std": 0.45241641998291016,
   "q25": 0.0,
   "median": 0.0,
   "q75": 0.0,
   "min": 0.0,
   "max": 3.0
  },
  "collapse_events": {
   "mean": 7.8671875,
   "std": 2.7665066719055176,
   "q25": 6.0,
   "median": 8.0,
   "q75": 10.0,
   "min": 1.0,
   "max": 16.0
  },
  "seeded_ignitions": {
   "mean": 0.828125,
   "std": 1.0753190517425537,
   "q25": 0.0,
   "median": 0.0,
   "q75": 1.0,
   "min": 0.0,
   "max": 5.0
  },
  "blocked_moves": {
   "mean": 3.564453125,
   "std": 19.665294647216797,
   "q25": 0.0,
   "median": 1.0,
   "q75": 3.0,
   "min": 0.0,
   "max": 353.0
  },
  "weak_occupancy": {
   "mean": 0.14209429919719696,
   "std": 0.026028726249933243,
   "q25": 0.12448213249444962,
   "median": 0.1402994692325592,
   "q75": 0.15650302171707153,
   "min": 0.07711884379386902,
   "max": 0.27610087394714355
  }
 }
}
