{
 "config": "che/configs/severity_medium.yaml",
 "config_hash": "f03533f4fcab80f4",
 "ckpt_dir": "che/bench/results/phase3/m35/ckpt_medium_kaL_dp0.5_s0",
 "ckpt_step": 500,
 "n_episodes": 512,
 "seed": 0,
 "greedy": false,
 "obs_version": 2,
 "metrics": {
  "episode_return": {
   "mean": 27.2705078125,
   "std": 2.719892740249634,
   "q25": 26.0,
   "median": 28.0,
   "q75": 29.0,
   "min": 16.0,
   "max": 32.0
  },
  "completion": {
   "mean": 0.8648681640625,
   "std": 0.08452197909355164,
   "q25": 0.8125,
   "median": 0.875,
   "q75": 0.9375,
   "min": 0.53125,
   "max": 1.0
  },
  "survival_rate": {
   "mean": 0.9324544668197632,
   "std": 0.07790742069482803,
   "q25": 0.9166666865348816,
   "median": 0.9166666865348816,
   "q75": 1.0,
   "min": 0.5833333730697632,
   "max": 1.0
  },
  "deaths_fire": {
   "mean": 0.630859375,
   "std": 0.8454232811927795,
   "q25": 0.0,
   "median": 0.0,
   "q75": 1.0,
   "min": 0.0,
   "max": 4.0
  },
  "deaths_collapse": {
   "mean": 0.1796875,
   "std": 0.4184323251247406,
   "q25": 0.0,
   "median": 0.0,
   "q75": 0.0,
   "min": 0.0,
   "max": 2.0
  },
  "mean_smoke_exposure": {
   "mean": 0.00026955592329613864,
   "std": 0.0003597429604269564,
   "q25": 1.1194600119779352e-05,
   "median": 0.0001248915505129844,
   "q75": 0.0003937687797588296,
   "min": 0.0,
   "max": 0.0023462222889065742
  },
  "coupling_co_active": {
   "mean": 0.693359375,
   "std": 0.9537826776504517,
   "q25": 0.0,
   "median": 0.0,
   "q75": 1.0,
   "min": 0.0,
   "max": 5.0
  },
  "collapse_events": {
   "mean": 7.861328125,
   "std": 2.7884137630462646,
   "q25": 6.0,
   "median": 8.0,
   "q75": 10.0,
   "min": 1.0,
   "max": 16.0
  },
  "seeded_ignitions": {
   "mean": 3.408203125,
   "std": 2.021259307861328,
   "q25": 2.0,
   "median": 3.0,
   "q75": 5.0,
   "min": 0.0,
   "max": 12.0
  },
  "blocked_moves": {
   "mean": 4.9453125,
   "std": 12.680669784545898,
   "q25": 0.0,
   "median": 2.0,
   "q75": 5.0,
   "min": 0.0,
   "max": 202.0
  },
  "weak_occupancy": {
   "mean": 0.16420775651931763,
   "std": 0.02560180239379406,
   "q25": 0.14567797631025314,
   "median": 0.16404270380735397,
   "q75": 0.17977775633335114,
   "min": 0.1038411557674408,
   "max": 0.25390625
  }
 }
}
