{
 "config": "che/configs/severity_medium.yaml",
 "config_hash": "ad202cc69ecc8424",
 "ckpt_dir": "che/bench/results/phase3/m35/ckpt_medium_ka0_dp0.5_s0",
 "ckpt_step": 500,
 "n_episodes": 512,
 "seed": 0,
 "greedy": false,
 "obs_version": 2,
 "metrics": {
  "episode_return": {
   "mean": 22.2509765625,
   "std": 3.5953598022460938,
   "q25": 20.0,
   "median": 22.5,
   "q75": 25.0,
   "min": 9.5,
   "max": 30.0
  },
  "completion": {
   "mean": 0.70751953125,
   "std": 0.11010749638080597,
   "q25": 0.65625,
   "median": 0.71875,
   "q75": 0.78125,
   "min": 0.34375,
   "max": 0.9375
  },
  "survival_rate": {
   "mean": 0.93505859375,
   "std": 0.09297314286231995,
   "q25": 0.9166666865348816,
   "median": 1.0,
   "q75": 1.0,
   "min": 0.3333333432674408,
   "max": 1.0
  },
  "deaths_fire": {
   "mean": 0.544921875,
   "std": 1.0038739442825317,
   "q25": 0.0,
   "median": 0.0,
   "q75": 1.0,
   "min": 0.0,
   "max": 8.0
  },
  "deaths_collapse": {
   "mean": 0.234375,
   "std": 0.5269173383712769,
   "q25": 0.0,
   "median": 0.0,
   "q75": 0.0,
   "min": 0.0,
   "max": 4.0
  },
  "mean_smoke_exposure": {
   "mean": 0.00025616996572352946,
   "std": 0.000476029294077307,
   "q25": 0.0,
   "median": 1.1884550943364047e-07,
   "q75": 0.00035633645893540233,
   "min": 0.0,
   "max": 0.0030966096092015505
  },
  "coupling_co_active": {
   "mean": 0.0,
   "std": 0.0,
   "q25": 0.0,
   "median": 0.0,
   "q75": 0.0,
   "min": 0.0,
   "max": 0.0
  },
  "collapse_events": {
   "mean": 7.900390625,
   "std": 2.797090768814087,
   "q25": 6.0,
   "median": 8.0,
   "q75": 10.0,
   "min": 1.0,
   "max": 16.0
  },
  "seeded_ignitions": {
   "mean": 0.0,
   "std": 0.0,
   "q25": 0.0,
   "median": 0.0,
   "q75": 0.0,
   "min": 0.0,
   "max": 0.0
  },
  "blocked_moves": {
   "mean": 3.89453125,
   "std": 9.30630111694336,
   "q25": 0.0,
   "median": 1.0,
   "q75": 4.0,
   "min": 0.0,
   "max": 116.0
  },
  "weak_occupancy": {
   "mean": 0.16994254291057587,
   "std": 0.05830909684300423,
   "q25": 0.12920958548784256,
   "median": 0.1570638120174408,
   "q75": 0.2007916159927845,
   "min": 0.06036932021379471,
   "max": 0.3941406011581421
  }
 }
}
