{
 "config": "che/configs/severity_low.yaml",
 "config_hash": "38bba97d59c0a86c",
 "ckpt_dir": "che/bench/results/phase3/m35/ckpt_low_kaL_dp0.5_s0",
 "ckpt_step": 500,
 "n_episodes": 512,
 "seed": 0,
 "greedy": false,
 "obs_version": 2,
 "metrics": {
  "episode_return": {
   "mean": 24.3466796875,
   "std": 3.299384593963623,
   "q25": 22.0,
   "median": 24.5,
   "q75": 27.0,
   "min": 14.5,
   "max": 32.0
  },
  "completion": {
   "mean": 0.76849365234375,
   "std": 0.10231471061706543,
   "q25": 0.6875,
   "median": 0.78125,
   "q75": 0.84375,
   "min": 0.46875,
   "max": 1.0
  },
  "survival_rate": {
   "mean": 0.9591471552848816,
   "std": 0.05638594180345535,
   "q25": 0.9166666865348816,
   "median": 1.0,
   "q75": 1.0,
   "min": 0.75,
   "max": 1.0
  },
  "deaths_fire": {
   "mean": 0.236328125,
   "std": 0.501278817653656,
   "q25": 0.0,
   "median": 0.0,
   "q75": 0.0,
   "min": 0.0,
   "max": 3.0
  },
  "deaths_collapse": {
   "mean": 0.25390625,
   "std": 0.48659566044807434,
   "q25": 0.0,
   "median": 0.0,
   "q75": 0.0,
   "min": 0.0,
   "max": 3.0
  },
  "mean_smoke_exposure": {
   "mean": 0.00013444465002976358,
   "std": 0.00027774975751526654,
   "q25": 8.203000911305871e-17,
   "median": 1.286452857129916e-06,
   "q75": 0.0001353577827103436,
   "min": 0.0,
   "max": 0.0019198054214939475
  },
  "coupling_co_active": {
   "mean": 0.8515625,
   "std": 1.0769954919815063,
   "q25": 0.0,
   "median": 1.0,
   "q75": 1.0,
   "min": 0.0,
   "max": 7.0
  },
  "collapse_events": {
   "mean": 7.931640625,
   "std": 2.78471040725708,
   "q25": 6.0,
   "median": 8.0,
   "q75": 10.0,
   "min": 1.0,
   "max": 17.0
  },
  "seeded_ignitions": {
   "mean": 4.09375,
   "std": 2.343120813369751,
   "q25": 2.0,
   "median": 4.0,
   "q75": 6.0,
   "min": 0.0,
   "max": 16.0
  },
  "blocked_moves": {
   "mean": 2.736328125,
   "std": 4.8680033683776855,
   "q25": 0.0,
   "median": 1.0,
   "q75": 4.0,
   "min": 0.0,
   "max": 66.0
  },
  "weak_occupancy": {
   "mean": 0.18559201061725616,
   "std": 0.03267406299710274,
   "q25": 0.1634780541062355,
   "median": 0.18288353085517883,
   "q75": 0.2037760466337204,
   "min": 0.09913589060306549,
   "max": 0.2903645932674408
  }
 }
}
