{
 "config": "che/configs/severity_medium.yaml",
 "config_hash": "ad202cc69ecc8424",
 "ckpt_dir": "che/bench/results/phase3/m35/ckpt_medium_ka0_dp0.5_s1",
 "ckpt_step": 500,
 "n_episodes": 512,
 "seed": 0,
 "greedy": false,
 "obs_version": 2,
 "metrics": {
  "episode_return": {
   "mean": 24.208984375,
   "std": 3.616427421569824,
   "q25": 22.0,
   "median": 24.5,
   "q75": 27.0,
   "min": 12.0,
   "max": 32.0
  },
  "completion": {
   "mean": 0.76422119140625,
   "std": 0.11101575195789337,
   "q25": 0.6875,
   "median": 0.78125,
   "q75": 0.84375,
   "min": 0.375,
   "max": 1.0
  },
  "survival_rate": {
   "mean": 0.958984375,
   "std": 0.066557377576828,
   "q25": 0.9166666865348816,
   "median": 1.0,
   "q75": 1.0,
   "min": 0.5833333730697632,
   "max": 1.0
  },
  "deaths_fire": {
   "mean": 0.296875,
   "std": 0.6663200259208679,
   "q25": 0.0,
   "median": 0.0,
   "q75": 0.0,
   "min": 0.0,
   "max": 4.0
  },
  "deaths_collapse": {
   "mean": 0.1953125,
   "std": 0.4607250988483429,
   "q25": 0.0,
   "median": 0.0,
   "q75": 0.0,
   "min": 0.0,
   "max": 3.0
  },
  "mean_smoke_exposure": {
   "mean": 7.035858288872987e-05,
   "std": 0.00019434033310972154,
   "q25": 0.0,
   "median": 1.2700620426740807e-37,
   "q75": 4.773158593707194e-06,
   "min": 0.0,
   "max": 0.001542319543659687
  },
  "coupling_co_active": {
   "mean": 0.0,
   "std": 0.0,
   "q25": 0.0,
   "median": 0.0,
   "q75": 0.0,
   "min": 0.0,
   "max": 0.0
  },
  "collapse_events": {
   "mean": 7.8671875,
   "std": 2.789752244949341,
   "q25": 6.0,
   "median": 8.0,
   "q75": 10.0,
   "min": 1.0,
   "max": 16.0
  },
  "seeded_ignitions": {
   "mean": 0.0,
   "std": 0.0,
   "q25": 0.0,
   "median": 0.0,
   "q75": 0.0,
   "min": 0.0,
   "max": 0.0
  },
  "blocked_moves": {
   "mean": 2.90625,
   "std": 13.581923484802246,
   "q25": 0.0,
   "median": 0.0,
   "q75": 3.0,
   "min": 0.0,
   "max": 224.0
  },
  "weak_occupancy": {
   "mean": 0.1383136510848999,
   "std": 0.029307376593351364,
   "q25": 0.11751302890479565,
   "median": 0.13594934344291687,
   "q75": 0.1578776091337204,
   "min": 0.06205610930919647,
   "max": 0.26600971817970276
  }
 }
}
