{
 "config": "che/configs/severity_high.yaml",
 "config_hash": "cae28036eed0acb4",
 "ckpt_dir": "che/bench/results/phase3/m35/ckpt_high_ka0_dp0.5_s0",
 "ckpt_step": 500,
 "n_episodes": 512,
 "seed": 0,
 "greedy": false,
 "obs_version": 2,
 "metrics": {
  "episode_return": {
   "mean": 25.107421875,
   "std": 3.306309700012207,
   "q25": 23.0,
   "median": 25.5,
   "q75": 28.0,
   "min": 8.5,
   "max": 32.0
  },
  "completion": {
   "mean": 0.80059814453125,
   "std": 0.09982872754335403,
   "q25": 0.71875,
   "median": 0.8125,
   "q75": 0.875,
   "min": 0.3125,
   "max": 1.0
  },
  "survival_rate": {
   "mean": 0.9147136211395264,
   "std": 0.08107831329107285,
   "q25": 0.8333333730697632,
   "median": 0.9166666865348816,
   "q75": 1.0,
   "min": 0.6666666865348816,
   "max": 1.0
  },
  "deaths_fire": {
   "mean": 0.8671875,
   "std": 0.9076417684555054,
   "q25": 0.0,
   "median": 1.0,
   "q75": 1.0,
   "min": 0.0,
   "max": 4.0
  },
  "deaths_collapse": {
   "mean": 0.15625,
   "std": 0.3894398510456085,
   "q25": 0.0,
   "median": 0.0,
   "q75": 0.0,
   "min": 0.0,
   "max": 2.0
  },
  "mean_smoke_exposure": {
   "mean": 0.009924071840941906,
   "std": 0.003744453191757202,
   "q25": 0.007295443210750818,
   "median": 0.009205983020365238,
   "q75": 0.012011904967948794,
   "min": 0.0,
   "max": 0.03127538412809372
  },
  "coupling_co_active": {
   "mean": 0.0,
   "std": 0.0,
   "q25": 0.0,
   "median": 0.0,
   "q75": 0.0,
   "min": 0.0,
   "max": 0.0
  },
  "collapse_events": {
   "mean": 7.845703125,
   "std": 2.762911319732666,
   "q25": 6.0,
   "median": 8.0,
   "q75": 10.0,
   "min": 1.0,
   "max": 16.0
  },
  "seeded_ignitions": {
   "mean": 0.0,
   "std": 0.0,
   "q25": 0.0,
   "median": 0.0,
   "q75": 0.0,
   "min": 0.0,
   "max": 0.0
  },
  "blocked_moves": {
   "mean": 2.970703125,
   "std": 13.743280410766602,
   "q25": 0.0,
   "median": 1.0,
   "q75": 2.0,
   "min": 0.0,
   "max": 177.0
  },
  "weak_occupancy": {
   "mean": 0.14826537668704987,
   "std": 0.04175007343292236,
   "q25": 0.12517854943871498,
   "median": 0.14437243342399597,
   "q75": 0.16389381885528564,
   "min": 0.064453125,
   "max": 0.5026041269302368
  }
 }
}
