{
 "config": "che/configs/severity_high.yaml",
 "config_hash": "cae28036eed0acb4",
 "ckpt_dir": "che/bench/results/phase3/m35/ckpt_high_ka0_dp0.5_s1",
 "ckpt_step": 500,
 "n_episodes": 512,
 "seed": 0,
 "greedy": false,
 "obs_version": 2,
 "metrics": {
  "episode_return": {
   "mean": 27.7861328125,
   "std": 2.8397622108459473,
   "q25": 26.0,
   "median": 28.5,
   "q75": 30.0,
   "min": 16.0,
   "max": 32.0
  },
  "completion": {
   "mean": 0.887939453125,
   "std": 0.08365881443023682,
   "q25": 0.84375,
   "median": 0.90625,
   "q75": 0.9375,
   "min": 0.5,
   "max": 1.0
  },
  "survival_rate": {
   "mean": 0.8953450918197632,
   "std": 0.09249112755060196,
   "q25": 0.8333333730697632,
   "median": 0.9166666865348816,
   "q75": 1.0,
   "min": 0.5833333730697632,
   "max": 1.0
  },
  "deaths_fire": {
   "mean": 1.064453125,
   "std": 1.0625017881393433,
   "q25": 0.0,
   "median": 1.0,
   "q75": 2.0,
   "min": 0.0,
   "max": 5.0
  },
  "deaths_collapse": {
   "mean": 0.19140625,
   "std": 0.42255905270576477,
   "q25": 0.0,
   "median": 0.0,
   "q75": 0.0,
   "min": 0.0,
   "max": 2.0
  },
  "mean_smoke_exposure": {
   "mean": 0.021412035450339317,
   "std": 0.011587569490075111,
   "q25": 0.012455280404537916,
   "median": 0.018948552198708057,
   "q75": 0.029262623749673367,
   "min": 0.0,
   "max": 0.06658477336168289
  },
  "coupling_co_active": {
   "mean": 0.0,
   "std": 0.0,
   "q25": 0.0,
   "median": 0.0,
   "q75": 0.0,
   "min": 0.0,
   "max": 0.0
  },
  "collapse_events": {
   "mean": 7.873046875,
   "std": 2.795280933380127,
   "q25": 6.0,
   "median": 8.0,
   "q75": 10.0,
   "min": 1.0,
   "max": 17.0
  },
  "seeded_ignitions": {
   "mean": 0.0,
   "std": 0.0,
   "q25": 0.0,
   "median": 0.0,
   "q75": 0.0,
   "min": 0.0,
   "max": 0.0
  },
  "blocked_moves": {
   "mean": 5.412109375,
   "std": 22.11153221130371,
   "q25": 0.0,
   "median": 2.0,
   "q75": 4.25,
   "min": 0.0,
   "max": 370.0
  },
  "weak_occupancy": {
   "mean": 0.15349939465522766,
   "std": 0.023531366139650345,
   "q25": 0.1380060464143753,
   "median": 0.15280984342098236,
   "q75": 0.1682942807674408,
   "min": 0.091796875,
   "max": 0.27823153138160706
  }
 }
}
