{
 "config": "che/configs/severity_low.yaml",
 "config_hash": "b74ade24ab4c5acb",
 "ckpt_dir": "che/bench/results/phase3/m35/ckpt_low_ka0_dp0.5_s1",
 "ckpt_step": 500,
 "n_episodes": 512,
 "seed": 0,
 "greedy": false,
 "obs_version": 2,
 "metrics": {
  "episode_return": {
   "mean": 22.3828125,
   "std": 3.661287546157837,
   "q25": 20.0,
   "median": 23.0,
   "q75": 25.0,
   "min": 10.5,
   "max": 30.0
  },
  "completion": {
   "mean": 0.70361328125,
   "std": 0.11387870460748672,
   "q25": 0.625,
   "median": 0.71875,
   "q75": 0.78125,
   "min": 0.34375,
   "max": 0.9375
  },
  "survival_rate": {
   "mean": 0.9778646230697632,
   "std": 0.04482864588499069,
   "q25": 1.0,
   "median": 1.0,
   "q75": 1.0,
   "min": 0.6666666865348816,
   "max": 1.0
  },
  "deaths_fire": {
   "mean": 0.056640625,
   "std": 0.24771922826766968,
   "q25": 0.0,
   "median": 0.0,
   "q75": 0.0,
   "min": 0.0,
   "max": 2.0
  },
  "deaths_collapse": {
   "mean": 0.208984375,
   "std": 0.4898952841758728,
   "q25": 0.0,
   "median": 0.0,
   "q75": 0.0,
   "min": 0.0,
   "max": 4.0
  },
  "mean_smoke_exposure": {
   "mean": 1.825553408707492e-05,
   "std": 7.497905608033761e-05,
   "q25": 0.0,
   "median": 4.793013930630567e-33,
   "q75": 7.228242449031086e-09,
   "min": 0.0,
   "max": 0.0006020606379024684
  },
  "coupling_co_active": {
   "mean": 0.0,
   "std": 0.0,
   "q25": 0.0,
   "median": 0.0,
   "q75": 0.0,
   "min": 0.0,
   "max": 0.0
  },
  "collapse_events": {
   "mean": 7.875,
   "std": 2.7802772521972656,
   "q25": 6.0,
   "median": 8.0,
   "q75": 10.0,
   "min": 1.0,
   "max": 16.0
  },
  "seeded_ignitions": {
   "mean": 0.0,
   "std": 0.0,
   "q25": 0.0,
   "median": 0.0,
   "q75": 0.0,
   "min": 0.0,
   "max": 0.0
  },
  "blocked_moves": {
   "mean": 2.45703125,
   "std": 4.955981731414795,
   "q25": 0.0,
   "median": 1.0,
   "q75": 3.0,
   "min": 0.0,
   "max": 62.0
  },
  "weak_occupancy": {
   "mean": 0.12455183267593384,
   "std": 0.03334736078977585,
   "q25": 0.10083007998764515,
   "median": 0.1194661445915699,
   "q75": 0.14155717194080353,
   "min": 0.0618489608168602,
   "max": 0.2457682341337204
  }
 }
}
