{
 "config": "che/configs/severity_low.yaml",
 "config_hash": "b74ade24ab4c5acb",
 "ckpt_dir": "che/bench/results/phase3/m35/ckpt_low_ka0_dp0.5_s0",
 "ckpt_step": 500,
 "n_episodes": 512,
 "seed": 0,
 "greedy": false,
 "obs_version": 2,
 "metrics": {
  "episode_return": {
   "mean": 25.333984375,
   "std": 3.1362996101379395,
   "q25": 23.5,
   "median": 25.5,
   "q75": 27.5,
   "min": 14.0,
   "max": 32.0
  },
  "completion": {
   "mean": 0.79547119140625,
   "std": 0.09780028462409973,
   "q25": 0.75,
   "median": 0.8125,
   "q75": 0.875,
   "min": 0.4375,
   "max": 1.0
  },
  "survival_rate": {
   "mean": 0.9798177480697632,
   "std": 0.042349059134721756,
   "q25": 1.0,
   "median": 1.0,
   "q75": 1.0,
   "min": 0.6666666865348816,
   "max": 1.0
  },
  "deaths_fire": {
   "mean": 0.068359375,
   "std": 0.3020070493221283,
   "q25": 0.0,
   "median": 0.0,
   "q75": 0.0,
   "min": 0.0,
   "max": 3.0
  },
  "deaths_collapse": {
   "mean": 0.173828125,
   "std": 0.4091165065765381,
   "q25": 0.0,
   "median": 0.0,
   "q75": 0.0,
   "min": 0.0,
   "max": 2.0
  },
  "mean_smoke_exposure": {
   "mean": 4.643222928280011e-05,
   "std": 0.00015991658437997103,
   "q25": 0.0,
   "median": 1.365905480809091e-32,
   "q75": 4.047987900435146e-08,
   "min": 0.0,
   "max": 0.0012055159313604236
  },
  "coupling_co_active": {
   "mean": 0.0,
   "std": 0.0,
   "q25": 0.0,
   "median": 0.0,
   "q75": 0.0,
   "min": 0.0,
   "max": 0.0
  },
  "collapse_events": {
   "mean": 7.861328125,
   "std": 2.7771620750427246,
   "q25": 6.0,
   "median": 8.0,
   "q75": 10.0,
   "min": 1.0,
   "max": 16.0
  },
  "seeded_ignitions": {
   "mean": 0.0,
   "std": 0.0,
   "q25": 0.0,
   "median": 0.0,
   "q75": 0.0,
   "min": 0.0,
   "max": 0.0
  },
  "blocked_moves": {
   "mean": 2.501953125,
   "std": 9.275728225708008,
   "q25": 0.0,
   "median": 1.0,
   "q75": 3.0,
   "min": 0.0,
   "max": 178.0
  },
  "weak_occupancy": {
   "mean": 0.11607635021209717,
   "std": 0.02114482782781124,
   "q25": 0.10119259357452393,
   "median": 0.11443536728620529,
   "q75": 0.1286621131002903,
   "min": 0.0680338516831398,
   "max": 0.1956380307674408
  }
 }
}
