{
 "config": "che/configs/severity_low.yaml",
 "config_hash": "38bba97d59c0a86c",
 "ckpt_dir": "che/bench/results/phase3/m35/ckpt_low_kaL_dp0.5_s1",
 "ckpt_step": 500,
 "n_episodes": 512,
 "seed": 0,
 "greedy": false,
 "obs_version": 2,
 "metrics": {
  "episode_return": {
   "mean": 21.59375,
   "std": 3.671037435531616,
   "q25": 19.0,
   "median": 22.0,
   "q75": 24.0,
   "min": 10.5,
   "max": 31.0
  },
  "completion": {
   "mean": 0.681884765625,
   "std": 0.11416023224592209,
   "q25": 0.59375,
   "median": 0.6875,
   "q75": 0.75,
   "min": 0.34375,
   "max": 0.96875
  },
  "survival_rate": {
   "mean": 0.9622396230697632,
   "std": 0.06624078750610352,
   "q25": 0.9166666865348816,
   "median": 1.0,
   "q75": 1.0,
   "min": 0.6666666865348816,
   "max": 1.0
  },
  "deaths_fire": {
   "mean": 0.22265625,
   "std": 0.5778311491012573,
   "q25": 0.0,
   "median": 0.0,
   "q75": 0.0,
   "min": 0.0,
   "max": 4.0
  },
  "deaths_collapse": {
   "mean": 0.23046875,
   "std": 0.498146653175354,
   "q25": 0.0,
   "median": 0.0,
   "q75": 0.0,
   "min": 0.0,
   "max": 3.0
  },
  "mean_smoke_exposure": {
   "mean": 7.26962462067604e-05,
   "std": 0.00019019767933059484,
   "q25": 0.0,
   "median": 8.092301051476625e-09,
   "q75": 1.6209566638281103e-05,
   "min": 0.0,
   "max": 0.0016478962497785687
  },
  "coupling_co_active": {
   "mean": 0.5625,
   "std": 0.895738959312439,
   "q25": 0.0,
   "median": 0.0,
   "q75": 1.0,
   "min": 0.0,
   "max": 5.0
  },
  "collapse_events": {
   "mean": 7.912109375,
   "std": 2.786269187927246,
   "q25": 6.0,
   "median": 8.0,
   "q75": 10.0,
   "min": 1.0,
   "max": 18.0
  },
  "seeded_ignitions": {
   "mean": 4.056640625,
   "std": 2.3463995456695557,
   "q25": 2.0,
   "median": 4.0,
   "q75": 5.0,
   "min": 0.0,
   "max": 16.0
  },
  "blocked_moves": {
   "mean": 3.234375,
   "std": 8.364947319030762,
   "q25": 0.0,
   "median": 0.0,
   "q75": 3.0,
   "min": 0.0,
   "max": 89.0
  },
  "weak_occupancy": {
   "mean": 0.1631617397069931,
   "std": 0.05813740938901901,
   "q25": 0.12066613882780075,
   "median": 0.15250059217214584,
   "q75": 0.1940918006002903,
   "min": 0.0501302108168602,
   "max": 0.40320196747779846
  }
 }
}
