{
  "span_pairwise_crossings_empty_by_design": {
    "L32_L48": [],
    "L32_L64": [],
    "L48_L64": []
  },
  "beta_half_per_L": {
    "L32": 0.4670689671204008,
    "L48": 0.47762711017818776,
    "L64": 0.48606557533389233
  },
  "beta_c_half_locus_L_pow_-3/4": 0.5127211007389232,
  "half_locus_slope_L_pow_-3/4": -0.6195437565201778,
  "beta_c_half_locus_1_over_L_sensitivity": 0.5037081577073219,
  "half_locus_slope_1_over_L": -1.1868970410754653,
  "beta_c_steepest_slope_L64": 0.47999998927116394,
  "max_slope_L64": 12.890618084933593,
  "beta_c_logistic_fit_L64": 0.489325,
  "logistic_scale_L64": 0.021816460857192792,
  "beta_c_R_crossings": {
    "L32_L48": [
      0.4986274522893569,
      0.5024999976158142,
      0.5156756607261864
    ],
    "L48_L64": [
      0.5010256400475135
    ]
  },
  "beta_c_R_crossings_mean": 0.5044571876697178,
  "beta_c_consensus_mean_of_abc": 0.4990594258932683,
  "beta_c_spread_abc": [
    0.47999998927116394,
    0.5127211007389232
  ],
  "R_at_beta_c_consensus": {
    "L32": 0.4794633593399944,
    "L48": 0.4837662255137385,
    "L64": 0.4741166649595706
  }
}
