{
 "train_severity": "medium",
 "train_seed": 2,
 "eval_severity": "low",
 "ckpt_dir": "che/bench/results/phase3/m30/ckpt_medium_dp0.5_s2",
 "ckpt_step": 500,
 "n_episodes": 512,
 "eval_seed": 0,
 "death_penalty": 0.5,
 "metrics": {
  "episode_return": {
   "mean": 24.2392578125,
   "std": 3.6021416187286377,
   "q25": 22.0,
   "median": 24.5,
   "q75": 27.0,
   "min": 12.0,
   "max": 32.0
  },
  "completion": {
   "mean": 0.7584228515625,
   "std": 0.11255303025245667,
   "q25": 0.6875,
   "median": 0.78125,
   "q75": 0.84375,
   "min": 0.375,
   "max": 1.0
  },
  "survival_rate": {
   "mean": 0.9949544668197632,
   "std": 0.022461045533418655,
   "q25": 1.0,
   "median": 1.0,
   "q75": 1.0,
   "min": 0.8333333730697632,
   "max": 1.0
  },
  "deaths_fire": {
   "mean": 0.060546875,
   "std": 0.26953262090682983,
   "q25": 0.0,
   "median": 0.0,
   "q75": 0.0,
   "min": 0.0,
   "max": 2.0
  },
  "deaths_collapse": {
   "mean": 0.0,
   "std": 0.0,
   "q25": 0.0,
   "median": 0.0,
   "q75": 0.0,
   "min": 0.0,
   "max": 0.0
  },
  "mean_smoke_exposure": {
   "mean": 4.8210964450845495e-05,
   "std": 0.00016577848873566836,
   "q25": 0.0,
   "median": 1.3887285826480036e-16,
   "q75": 3.335945564231224e-07,
   "min": 0.0,
   "max": 0.0014456402277573943
  },
  "coupling_co_active": {
   "mean": 0.0,
   "std": 0.0,
   "q25": 0.0,
   "median": 0.0,
   "q75": 0.0,
   "min": 0.0,
   "max": 0.0
  }
 }
}
