{
 "train_severity": "medium",
 "train_seed": 1,
 "eval_severity": "low",
 "ckpt_dir": "che/bench/results/phase3/m30/ckpt_medium_dp0.5_s1",
 "ckpt_step": 500,
 "n_episodes": 512,
 "eval_seed": 0,
 "death_penalty": 0.5,
 "metrics": {
  "episode_return": {
   "mean": 22.982421875,
   "std": 3.6735262870788574,
   "q25": 21.0,
   "median": 23.0,
   "q75": 26.0,
   "min": 12.0,
   "max": 31.0
  },
  "completion": {
   "mean": 0.71875,
   "std": 0.11466576904058456,
   "q25": 0.65625,
   "median": 0.71875,
   "q75": 0.8125,
   "min": 0.375,
   "max": 0.96875
  },
  "survival_rate": {
   "mean": 0.9970703125,
   "std": 0.017820153385400772,
   "q25": 1.0,
   "median": 1.0,
   "q75": 1.0,
   "min": 0.75,
   "max": 1.0
  },
  "deaths_fire": {
   "mean": 0.03515625,
   "std": 0.21384188532829285,
   "q25": 0.0,
   "median": 0.0,
   "q75": 0.0,
   "min": 0.0,
   "max": 3.0
  },
  "deaths_collapse": {
   "mean": 0.0,
   "std": 0.0,
   "q25": 0.0,
   "median": 0.0,
   "q75": 0.0,
   "min": 0.0,
   "max": 0.0
  },
  "mean_smoke_exposure": {
   "mean": 2.9724287742283195e-05,
   "std": 0.00012553029228001833,
   "q25": 0.0,
   "median": 2.5324048426527237e-17,
   "q75": 2.729666164213995e-07,
   "min": 0.0,
   "max": 0.0016109287971630692
  },
  "coupling_co_active": {
   "mean": 0.0,
   "std": 0.0,
   "q25": 0.0,
   "median": 0.0,
   "q75": 0.0,
   "min": 0.0,
   "max": 0.0
  }
 }
}
