{
 "train_severity": "high",
 "train_seed": 1,
 "eval_severity": "high",
 "ckpt_dir": "che/bench/results/phase3/m30/ckpt_high_dp0.5_s1",
 "ckpt_step": 500,
 "n_episodes": 512,
 "eval_seed": 0,
 "death_penalty": 0.5,
 "metrics": {
  "episode_return": {
   "mean": 22.6279296875,
   "std": 3.728394031524658,
   "q25": 20.0,
   "median": 23.0,
   "q75": 25.5,
   "min": 10.0,
   "max": 31.5
  },
  "completion": {
   "mean": 0.735595703125,
   "std": 0.11367162317037582,
   "q25": 0.65625,
   "median": 0.75,
   "q75": 0.8125,
   "min": 0.34375,
   "max": 1.0
  },
  "survival_rate": {
   "mean": 0.84814453125,
   "std": 0.10790825635194778,
   "q25": 0.75,
   "median": 0.8333333730697632,
   "q75": 0.9166666865348816,
   "min": 0.5,
   "max": 1.0
  },
  "deaths_fire": {
   "mean": 1.822265625,
   "std": 1.2948989868164062,
   "q25": 1.0,
   "median": 2.0,
   "q75": 3.0,
   "min": 0.0,
   "max": 6.0
  },
  "deaths_collapse": {
   "mean": 0.0,
   "std": 0.0,
   "q25": 0.0,
   "median": 0.0,
   "q75": 0.0,
   "min": 0.0,
   "max": 0.0
  },
  "mean_smoke_exposure": {
   "mean": 0.004947790876030922,
   "std": 0.001060831593349576,
   "q25": 0.0044203444849699736,
   "median": 0.0049758306704461575,
   "q75": 0.005584589787758887,
   "min": 0.0,
   "max": 0.00772092305123806
  },
  "coupling_co_active": {
   "mean": 0.0,
   "std": 0.0,
   "q25": 0.0,
   "median": 0.0,
   "q75": 0.0,
   "min": 0.0,
   "max": 0.0
  }
 }
}
