{
 "train_severity": "medium",
 "train_seed": 2,
 "eval_severity": "high",
 "ckpt_dir": "che/bench/results/phase3/m30/ckpt_medium_dp0.5_s2",
 "ckpt_step": 500,
 "n_episodes": 512,
 "eval_seed": 0,
 "death_penalty": 0.5,
 "metrics": {
  "episode_return": {
   "mean": 18.9384765625,
   "std": 4.467607021331787,
   "q25": 15.5,
   "median": 19.0,
   "q75": 22.0,
   "min": 4.5,
   "max": 29.0
  },
  "completion": {
   "mean": 0.68707275390625,
   "std": 0.12496102601289749,
   "q25": 0.59375,
   "median": 0.6875,
   "q75": 0.78125,
   "min": 0.28125,
   "max": 0.96875
  },
  "survival_rate": {
   "mean": 0.4920247495174408,
   "std": 0.16618941724300385,
   "q25": 0.4166666865348816,
   "median": 0.5,
   "q75": 0.5833333730697632,
   "min": 0.0833333358168602,
   "max": 1.0
  },
  "deaths_fire": {
   "mean": 6.095703125,
   "std": 1.9942728281021118,
   "q25": 5.0,
   "median": 6.0,
   "q75": 7.0,
   "min": 0.0,
   "max": 11.0
  },
  "deaths_collapse": {
   "mean": 0.0,
   "std": 0.0,
   "q25": 0.0,
   "median": 0.0,
   "q75": 0.0,
   "min": 0.0,
   "max": 0.0
  },
  "mean_smoke_exposure": {
   "mean": 0.00409928523004055,
   "std": 0.0014168821508064866,
   "q25": 0.003272726957220584,
   "median": 0.004091780167073011,
   "q75": 0.005038654548116028,
   "min": 0.0,
   "max": 0.009333500638604164
  },
  "coupling_co_active": {
   "mean": 0.0,
   "std": 0.0,
   "q25": 0.0,
   "median": 0.0,
   "q75": 0.0,
   "min": 0.0,
   "max": 0.0
  }
 }
}
