{
 "config": "che/configs/severity_low.yaml",
 "config_hash": "bb4896d98404d494",
 "ckpt_dir": "che/bench/results/phase3/m30/ckpt_low_dp0.5_s1",
 "ckpt_step": 500,
 "n_episodes": 512,
 "seed": 0,
 "greedy": false,
 "metrics": {
  "episode_return": {
   "mean": 22.2001953125,
   "std": 3.8307464122772217,
   "q25": 19.5,
   "median": 22.0,
   "q75": 25.0,
   "min": 11.0,
   "max": 31.0
  },
  "completion": {
   "mean": 0.695068359375,
   "std": 0.11883951723575592,
   "q25": 0.625,
   "median": 0.6875,
   "q75": 0.78125,
   "min": 0.34375,
   "max": 0.96875
  },
  "survival_rate": {
   "mean": 0.9930012822151184,
   "std": 0.03070807084441185,
   "q25": 1.0,
   "median": 1.0,
   "q75": 1.0,
   "min": 0.6666666865348816,
   "max": 1.0
  },
  "deaths_fire": {
   "mean": 0.083984375,
   "std": 0.3684968948364258,
   "q25": 0.0,
   "median": 0.0,
   "q75": 0.0,
   "min": 0.0,
   "max": 4.0
  },
  "deaths_collapse": {
   "mean": 0.0,
   "std": 0.0,
   "q25": 0.0,
   "median": 0.0,
   "q75": 0.0,
   "min": 0.0,
   "max": 0.0
  },
  "mean_smoke_exposure": {
   "mean": 4.575461207423359e-05,
   "std": 0.00015997907030396163,
   "q25": 0.0,
   "median": 0.0,
   "q75": 2.095275863922552e-08,
   "min": 0.0,
   "max": 0.0011203904869034886
  },
  "coupling_co_active": {
   "mean": 0.0,
   "std": 0.0,
   "q25": 0.0,
   "median": 0.0,
   "q75": 0.0,
   "min": 0.0,
   "max": 0.0
  }
 }
}
