{
 "config": "che/configs/severity_medium.yaml",
 "config_hash": "39ddff0c16947c43",
 "ckpt_dir": "che/bench/results/phase3/m30/ckpt_medium_dp0.5_s2",
 "ckpt_step": 500,
 "n_episodes": 512,
 "seed": 0,
 "greedy": false,
 "metrics": {
  "episode_return": {
   "mean": 23.87109375,
   "std": 3.7115917205810547,
   "q25": 21.0,
   "median": 24.0,
   "q75": 27.0,
   "min": 10.5,
   "max": 32.0
  },
  "completion": {
   "mean": 0.75830078125,
   "std": 0.11372756212949753,
   "q25": 0.6875,
   "median": 0.78125,
   "q75": 0.84375,
   "min": 0.375,
   "max": 1.0
  },
  "survival_rate": {
   "mean": 0.9342448115348816,
   "std": 0.1066664308309555,
   "q25": 0.9166666865348816,
   "median": 1.0,
   "q75": 1.0,
   "min": 0.4166666865348816,
   "max": 1.0
  },
  "deaths_fire": {
   "mean": 0.7890625,
   "std": 1.2799972295761108,
   "q25": 0.0,
   "median": 0.0,
   "q75": 1.0,
   "min": 0.0,
   "max": 7.0
  },
  "deaths_collapse": {
   "mean": 0.0,
   "std": 0.0,
   "q25": 0.0,
   "median": 0.0,
   "q75": 0.0,
   "min": 0.0,
   "max": 0.0
  },
  "mean_smoke_exposure": {
   "mean": 0.000464519951492548,
   "std": 0.0007698163972236216,
   "q25": 1.4477409986787023e-39,
   "median": 1.290351792704314e-05,
   "q75": 0.0006797123642172664,
   "min": 0.0,
   "max": 0.005120466463267803
  },
  "coupling_co_active": {
   "mean": 0.0,
   "std": 0.0,
   "q25": 0.0,
   "median": 0.0,
   "q75": 0.0,
   "min": 0.0,
   "max": 0.0
  }
 }
}
