{
 "config": "che/configs/severity_high.yaml",
 "config_hash": "5bbc95e25166b46b",
 "ckpt_dir": "che/bench/results/phase3/m30/ckpt_high_dp0.5_s0",
 "ckpt_step": 500,
 "n_episodes": 512,
 "seed": 0,
 "greedy": false,
 "metrics": {
  "episode_return": {
   "mean": 24.3271484375,
   "std": 3.2966365814208984,
   "q25": 22.5,
   "median": 24.5,
   "q75": 26.5,
   "min": 13.5,
   "max": 31.5
  },
  "completion": {
   "mean": 0.7857666015625,
   "std": 0.09920050203800201,
   "q25": 0.71875,
   "median": 0.78125,
   "q75": 0.84375,
   "min": 0.4375,
   "max": 1.0
  },
  "survival_rate": {
   "mean": 0.8637695908546448,
   "std": 0.10586602240800858,
   "q25": 0.8333333730697632,
   "median": 0.8333333730697632,
   "q75": 0.9166666865348816,
   "min": 0.5,
   "max": 1.0
  },
  "deaths_fire": {
   "mean": 1.634765625,
   "std": 1.2703922986984253,
   "q25": 1.0,
   "median": 2.0,
   "q75": 2.0,
   "min": 0.0,
   "max": 6.0
  },
  "deaths_collapse": {
   "mean": 0.0,
   "std": 0.0,
   "q25": 0.0,
   "median": 0.0,
   "q75": 0.0,
   "min": 0.0,
   "max": 0.0
  },
  "mean_smoke_exposure": {
   "mean": 0.009831571951508522,
   "std": 0.004102224018424749,
   "q25": 0.006742825731635094,
   "median": 0.009109990205615759,
   "q75": 0.012291137361899018,
   "min": 0.0,
   "max": 0.02289113774895668
  },
  "coupling_co_active": {
   "mean": 0.0,
   "std": 0.0,
   "q25": 0.0,
   "median": 0.0,
   "q75": 0.0,
   "min": 0.0,
   "max": 0.0
  }
 }
}
