{
 "config": "che/configs/severity_high.yaml",
 "config_hash": "5bbc95e25166b46b",
 "ckpt_dir": "che/bench/results/phase3/m30/ckpt_high_dp0.5_s1",
 "ckpt_step": 500,
 "n_episodes": 512,
 "seed": 0,
 "greedy": false,
 "metrics": {
  "episode_return": {
   "mean": 22.6328125,
   "std": 3.7446553707122803,
   "q25": 20.0,
   "median": 22.75,
   "q75": 25.5,
   "min": 10.0,
   "max": 31.5
  },
  "completion": {
   "mean": 0.7357177734375,
   "std": 0.11422371119260788,
   "q25": 0.65625,
   "median": 0.75,
   "q75": 0.8125,
   "min": 0.34375,
   "max": 1.0
  },
  "survival_rate": {
   "mean": 0.8483073115348816,
   "std": 0.10820019990205765,
   "q25": 0.75,
   "median": 0.8333333730697632,
   "q75": 0.9166666865348816,
   "min": 0.5,
   "max": 1.0
  },
  "deaths_fire": {
   "mean": 1.8203125,
   "std": 1.2984024286270142,
   "q25": 1.0,
   "median": 2.0,
   "q75": 3.0,
   "min": 0.0,
   "max": 6.0
  },
  "deaths_collapse": {
   "mean": 0.0,
   "std": 0.0,
   "q25": 0.0,
   "median": 0.0,
   "q75": 0.0,
   "min": 0.0,
   "max": 0.0
  },
  "mean_smoke_exposure": {
   "mean": 0.0049477312713861465,
   "std": 0.0010690692579373717,
   "q25": 0.004415061324834824,
   "median": 0.004977545700967312,
   "q75": 0.005593774025328457,
   "min": 0.0,
   "max": 0.007720923516899347
  },
  "coupling_co_active": {
   "mean": 0.0,
   "std": 0.0,
   "q25": 0.0,
   "median": 0.0,
   "q75": 0.0,
   "min": 0.0,
   "max": 0.0
  }
 }
}
