{
 "config": "che/configs/severity_medium.yaml",
 "config_hash": "39ddff0c16947c43",
 "ckpt_dir": "che/bench/results/phase3/m30/ckpt_medium_dp0.5_s1",
 "ckpt_step": 500,
 "n_episodes": 512,
 "seed": 0,
 "greedy": false,
 "metrics": {
  "episode_return": {
   "mean": 23.3818359375,
   "std": 3.7594239711761475,
   "q25": 21.0,
   "median": 24.0,
   "q75": 26.0,
   "min": 11.5,
   "max": 31.0
  },
  "completion": {
   "mean": 0.73760986328125,
   "std": 0.11735514551401138,
   "q25": 0.65625,
   "median": 0.75,
   "q75": 0.8125,
   "min": 0.375,
   "max": 1.0
  },
  "survival_rate": {
   "mean": 0.9630534052848816,
   "std": 0.07056035101413727,
   "q25": 0.9166666865348816,
   "median": 1.0,
   "q75": 1.0,
   "min": 0.6666666865348816,
   "max": 1.0
  },
  "deaths_fire": {
   "mean": 0.443359375,
   "std": 0.8467243313789368,
   "q25": 0.0,
   "median": 0.0,
   "q75": 1.0,
   "min": 0.0,
   "max": 4.0
  },
  "deaths_collapse": {
   "mean": 0.0,
   "std": 0.0,
   "q25": 0.0,
   "median": 0.0,
   "q75": 0.0,
   "min": 0.0,
   "max": 0.0
  },
  "mean_smoke_exposure": {
   "mean": 0.0002488628961145878,
   "std": 0.0004399590252432972,
   "q25": 0.0,
   "median": 3.5382993246457772e-06,
   "q75": 0.00033945484028663486,
   "min": 0.0,
   "max": 0.00247390940785408
  },
  "coupling_co_active": {
   "mean": 0.0,
   "std": 0.0,
   "q25": 0.0,
   "median": 0.0,
   "q75": 0.0,
   "min": 0.0,
   "max": 0.0
  }
 }
}
