{
  "candidates": [
    {
      "candidate": {
        "f_weak": 0.15,
        "lambda_0": 3e-05,
        "kappa_A": 0.06,
        "lambda_load": 0.0004
      },
      "low": {
        "n_eps": 128,
        "burnt_cells": 160.4921875,
        "deaths_collapse": 0.171875,
        "deaths_fire": 0.3046875,
        "n_collapses": 4.6875,
        "n_seeded": 2.453125,
        "survival_rate": 0.9602864980697632,
        "se_deaths_collapse": 0.036825600849540625
      },
      "medium": {
        "n_eps": 128,
        "burnt_cells": 969.890625,
        "deaths_collapse": 0.1640625,
        "deaths_fire": 1.53125,
        "n_collapses": 4.6796875,
        "n_seeded": 2.0390625,
        "survival_rate": 0.8587239980697632,
        "se_deaths_collapse": 0.0362711141196741
      },
      "high": {
        "n_eps": 128,
        "burnt_cells": 4033.7734375,
        "deaths_collapse": 0.0546875,
        "deaths_fire": 7.0546875,
        "n_collapses": 4.5859375,
        "n_seeded": 0.4609375,
        "survival_rate": 0.4075520634651184,
        "se_deaths_collapse": 0.02009679260474285
      },
      "low_seeded_share": 0.6145158934917003,
      "low_burnt_kappa0": 61.8671875
    },
    {
      "candidate": {
        "f_weak": 0.15,
        "lambda_0": 5e-05,
        "kappa_A": 0.06,
        "lambda_load": 0.0004
      },
      "low": {
        "n_eps": 128,
        "burnt_cells": 233.7578125,
        "deaths_collapse": 0.1796875,
        "deaths_fire": 0.5234375,
        "n_collapses": 8.4609375,
        "n_seeded": 4.46875,
        "survival_rate": 0.94140625,
        "se_deaths_collapse": 0.035687981864495316
      },
      "medium": {
        "n_eps": 128,
        "burnt_cells": 1402.609375,
        "deaths_collapse": 0.140625,
        "deaths_fire": 2.5234375,
        "n_collapses": 8.421875,
        "n_seeded": 3.6953125,
        "survival_rate": 0.7779947519302368,
        "se_deaths_collapse": 0.030726821723734907
      },
      "high": {
        "n_eps": 128,
        "burnt_cells": 4035.5546875,
        "deaths_collapse": 0.1015625,
        "deaths_fire": 7.015625,
        "n_collapses": 8.390625,
        "n_seeded": 0.78125,
        "survival_rate": 0.4069010615348816,
        "se_deaths_collapse": 0.0266996545204928
      },
      "low_seeded_share": 0.763076100397714,
      "low_burnt_kappa0": 55.3828125
    },
    {
      "candidate": {
        "f_weak": 0.15,
        "lambda_0": 8e-05,
        "kappa_A": 0.06,
        "lambda_load": 0.0004
      },
      "low": {
        "n_eps": 128,
        "burnt_cells": 316.28125,
        "deaths_collapse": 0.21875,
        "deaths_fire": 0.671875,
        "n_collapses": 13.03125,
        "n_seeded": 6.453125,
        "survival_rate": 0.92578125,
        "se_deaths_collapse": 0.036539622917714266
      },
      "medium": {
        "n_eps": 128,
        "burnt_cells": 1655.6171875,
        "deaths_collapse": 0.1875,
        "deaths_fire": 3.0546875,
        "n_collapses": 13.0078125,
        "n_seeded": 5.2421875,
        "survival_rate": 0.7298176288604736,
        "se_deaths_collapse": 0.03449906588409315
      },
      "high": {
        "n_eps": 128,
        "burnt_cells": 4032.9375,
        "deaths_collapse": 0.09375,
        "deaths_fire": 7.0078125,
        "n_collapses": 12.90625,
        "n_seeded": 1.3125,
        "survival_rate": 0.408203125,
        "se_deaths_collapse": 0.025763488199751796
      },
      "low_seeded_share": 0.8254125086453907,
      "low_burnt_kappa0": 55.21875
    },
    {
      "candidate": {
        "f_weak": 0.25,
        "lambda_0": 3e-05,
        "kappa_A": 0.06,
        "lambda_load": 0.0004
      },
      "low": {
        "n_eps": 128,
        "burnt_cells": 242.875,
        "deaths_collapse": 0.3359375,
        "deaths_fire": 0.3515625,
        "n_collapses": 8.0859375,
        "n_seeded": 3.9140625,
        "survival_rate": 0.9427083730697632,
        "se_deaths_collapse": 0.04457555875401251
      },
      "medium": {
        "n_eps": 128,
        "burnt_cells": 1363.25,
        "deaths_collapse": 0.3046875,
        "deaths_fire": 2.4296875,
        "n_collapses": 8.0546875,
        "n_seeded": 3.265625,
        "survival_rate": 0.7721354365348816,
        "se_deaths_collapse": 0.04358029831383726
      },
      "high": {
        "n_eps": 128,
        "burnt_cells": 4034.890625,
        "deaths_collapse": 0.203125,
        "deaths_fire": 6.8828125,
        "n_collapses": 7.953125,
        "n_seeded": 0.7109375,
        "survival_rate": 0.4095052182674408,
        "se_deaths_collapse": 0.035560823156314696
      },
      "low_seeded_share": 0.7256497683993823,
      "low_burnt_kappa0": 66.6328125
    },
    {
      "candidate": {
        "f_weak": 0.15,
        "lambda_0": 5e-05,
        "kappa_A": 0.03,
        "lambda_load": 0.0004
      },
      "low": {
        "n_eps": 128,
        "burnt_cells": 148.6640625,
        "deaths_collapse": 0.1328125,
        "deaths_fire": 0.2734375,
        "n_collapses": 8.234375,
        "n_seeded": 2.1796875,
        "survival_rate": 0.9661458730697632,
        "se_deaths_collapse": 0.03196657676432209
      },
      "medium": {
        "n_eps": 128,
        "burnt_cells": 1057.75,
        "deaths_collapse": 0.109375,
        "deaths_fire": 1.765625,
        "n_collapses": 8.21875,
        "n_seeded": 1.8984375,
        "survival_rate": 0.8437500596046448,
        "se_deaths_collapse": 0.027586810335596745
      },
      "high": {
        "n_eps": 128,
        "burnt_cells": 4036.1640625,
        "deaths_collapse": 0.0703125,
        "deaths_fire": 7.203125,
        "n_collapses": 8.1796875,
        "n_seeded": 0.359375,
        "survival_rate": 0.3938802182674408,
        "se_deaths_collapse": 0.022598508721496356
      },
      "low_seeded_share": 0.6958326764412213,
      "low_burnt_kappa0": 45.21875
    },
    {
      "candidate": {
        "f_weak": 0.15,
        "lambda_0": 5e-05,
        "kappa_A": 0.1,
        "lambda_load": 0.0004
      },
      "low": {
        "n_eps": 128,
        "burnt_cells": 290.3984375,
        "deaths_collapse": 0.2109375,
        "deaths_fire": 0.5859375,
        "n_collapses": 7.828125,
        "n_seeded": 6.7890625,
        "survival_rate": 0.93359375,
        "se_deaths_collapse": 0.042292034479555624
      },
      "medium": {
        "n_eps": 128,
        "burnt_cells": 1575.4765625,
        "deaths_collapse": 0.1796875,
        "deaths_fire": 2.8671875,
        "n_collapses": 7.8046875,
        "n_seeded": 5.546875,
        "survival_rate": 0.74609375,
        "se_deaths_collapse": 0.03895860206116932
      },
      "high": {
        "n_eps": 128,
        "burnt_cells": 4036.28125,
        "deaths_collapse": 0.1171875,
        "deaths_fire": 7.140625,
        "n_collapses": 7.75,
        "n_seeded": 1.53125,
        "survival_rate": 0.3951823115348816,
        "se_deaths_collapse": 0.03050097204441683
      },
      "low_seeded_share": 0.820478329880821,
      "low_burnt_kappa0": 52.1328125
    },
    {
      "candidate": {
        "f_weak": 0.15,
        "lambda_0": 5e-05,
        "kappa_A": 0.06,
        "lambda_load": 0.0001
      },
      "low": {
        "n_eps": 128,
        "burnt_cells": 202.328125,
        "deaths_collapse": 0.0859375,
        "deaths_fire": 0.5078125,
        "n_collapses": 7.9140625,
        "n_seeded": 3.7890625,
        "survival_rate": 0.9505208730697632,
        "se_deaths_collapse": 0.024772755652276997
      },
      "medium": {
        "n_eps": 128,
        "burnt_cells": 1262.28125,
        "deaths_collapse": 0.0703125,
        "deaths_fire": 2.4453125,
        "n_collapses": 7.90625,
        "n_seeded": 3.125,
        "survival_rate": 0.7903646230697632,
        "se_deaths_collapse": 0.022598508721496356
      },
      "high": {
        "n_eps": 128,
        "burnt_cells": 4033.9453125,
        "deaths_collapse": 0.03125,
        "deaths_fire": 7.0703125,
        "n_collapses": 7.875,
        "n_seeded": 0.6484375,